LIMIT_BAL,SEX,EDUCATION,MARRIAGE,AGE,PAY_1,PAY_2,PAY_3,PAY_4,PAY_5,PAY_6,BILL_AMT1,BILL_AMT2,BILL_AMT3,BILL_AMT4,BILL_AMT5,BILL_AMT6,PAY_AMT1,PAY_AMT2,PAY_AMT3,PAY_AMT4,PAY_AMT5,PAY_AMT6
120000,2,2,2,26,-1,2,0,0,0,2,2682,1725,2682,3272,3455,3261,0,1000,1000,1000,0,2000
60000,1,1,2,27,1,-2,-1,-1,-1,-1,-109,-425,259,-57,127,-189,0,1000,0,500,0,1000
80000,1,1,2,48,1,-2,-1,-1,-1,-1,-209,-455,359,-57,127,-189,0,1000,0,700,0,3000
50000,2,1,2,23,-1,-1,-1,0,-1,-1,1252.651931,1023,4332.244619,2582,3076,3165,908.287399,4332,1000.596109,3077,4295,5251
1252000,1,3,2,35,123,258,255,550,22,21,123572,123572,123572,123545,523572,123572,123,554,1123,2214,1124,45432
60000,1,1,2,50,1,-2,-1,-1,-1,-3,-109,-425,259,-57,127,-189,0,1000,0,500,0,1000
60000,1,1,2,40,1,-2,-1,-1,-1,-1,-209,-455,359,-57,127,-189,0,1000,0,700,0,3000